policy,episodes,avg_reward,avg_success_rate,avg_miss_rate,avg_hits,avg_misses,avg_energy,avg_mean_pending,avg_max_pending
random,20.0,6.763200000000002,0.7,0.0,1.0,0.0,157.6799999999999,4.381818181818182,7.45
nearest,20.0,15.819600000000003,0.9,0.0,1.9,0.0,165.23999999999987,4.000000000000001,6.7
edf,20.0,10.634,0.9,0.0,1.4,0.0,176.99999999999986,4.199999999999999,7.15
slo-risk,20.0,9.650400000000001,0.9,0.0,1.3,0.0,175.55999999999986,4.204545454545455,7.15
rllib-ppo,20.0,10.657200000000001,0.9,0.0,1.4,0.0,175.67999999999984,4.177272727272728,7.1
