policy,episodes,avg_reward,avg_success_rate,avg_miss_rate,avg_hits,avg_misses,avg_energy,avg_mean_pending,avg_max_pending
random,50.0,-12.294879999999987,0.37488666888666883,0.6251133311133311,2.58,4.56,524.6879999999987,9.236923076923079,15.92
nearest,50.0,-8.909279999999985,0.43468514818514803,0.5653148518148517,3.24,4.32,572.6879999999984,8.965384615384616,15.54
edf,50.0,-35.338079999999984,0.35825924075924076,0.6417407592407594,2.36,4.8,586.1279999999985,9.263846153846153,16.16
slo-risk,50.0,-33.21823999999998,0.34456177156177153,0.6554382284382285,2.26,4.92,588.3839999999985,9.318461538461536,16.18
rllib-ppo,50.0,1.1883200000000134,0.3994148074148074,0.6005851925851926,3.02,4.7,560.4479999999986,8.983076923076922,15.5
