policy,episodes,avg_reward,avg_success_rate,avg_miss_rate,avg_hits,avg_misses,avg_energy,avg_mean_pending,avg_max_pending
random,20.0,-15.023199999999989,0.33305722055722053,0.6669427794427792,2.45,5.1,528.1199999999985,9.928846153846154,16.6
nearest,20.0,-19.963199999999983,0.3483578921078921,0.6516421078921077,2.8,5.0,590.5199999999986,9.742307692307692,16.6
edf,20.0,-43.250799999999984,0.3111964424464425,0.6888035575535575,2.15,5.3,597.4799999999984,9.965384615384615,16.85
slo-risk,20.0,-35.23119999999999,0.3221583971583971,0.6778416028416029,2.35,5.25,591.1199999999984,10.001923076923076,16.9
rllib-ppo,20.0,-4.750799999999986,0.34025238650238643,0.6597476134976136,2.8,5.2,569.2799999999985,9.734615384615385,16.4
