policy,episodes,avg_reward,avg_success_rate,avg_miss_rate,avg_hits,avg_misses,avg_energy,avg_mean_pending,avg_max_pending
random,10.0,7.604800000000002,0.8,0.0,1.1,0.0,159.11999999999983,4.781818181818182,8.3
nearest,10.0,14.6584,0.9,0.0,1.8,0.0,165.35999999999984,4.454545454545455,7.6
edf,10.0,10.4984,0.9,0.0,1.4,0.0,176.15999999999983,4.6090909090909085,8.0
slo-risk,10.0,9.535200000000001,0.9,0.0,1.3,0.0,173.27999999999983,4.6,8.0
rllib-ppo,10.0,6.636000000000001,0.8,0.0,1.0,0.0,154.7999999999998,4.818181818181818,8.3
