policy,seed1007,seed2007,seed3007,mean_reward
random,-12.294880,-24.307680,-6.626720,-14.409760
nearest,-8.909280,-17.875040,-3.835520,-10.206613
edf,-35.338080,-39.709760,-30.357600,-35.135147
slo-risk,-33.218240,-36.992800,-29.190240,-33.133760
rllib-ppo,1.188320,-9.051520,-0.733920,-2.865707
