policy,episodes,avg_reward,avg_success_rate,avg_miss_rate,avg_hits,avg_misses,avg_energy,avg_mean_pending,avg_max_pending
random,50.0,-24.30767999999999,0.2910605472958414,0.7089394527041586,2.24,5.42,545.3279999999986,9.005384615384614,15.0
nearest,50.0,-17.875039999999984,0.3642261986379633,0.6357738013620364,2.82,5.18,585.5039999999985,8.766923076923078,14.72
edf,50.0,-39.70975999999998,0.31104471019176894,0.6889552898082311,2.18,5.3,591.9359999999986,8.95076923076923,14.98
slo-risk,50.0,-36.99279999999998,0.3033285570638512,0.6966714429361488,2.08,5.36,596.3999999999987,8.989230769230767,15.02
rllib-ppo,50.0,-9.051519999999988,0.30357808857808855,0.6964219114219113,2.36,5.54,572.8319999999986,8.87,14.84
