policy,episodes,avg_reward,avg_success_rate,avg_miss_rate,avg_hits,avg_misses,avg_energy,avg_mean_pending,avg_max_pending
random,50.0,-6.626719999999989,0.4340689865689866,0.5659310134310135,3.0,4.24,536.5919999999986,9.243076923076925,15.54
nearest,50.0,-3.835519999999988,0.47013125763125774,0.5298687423687424,3.42,3.96,574.7519999999985,9.07153846153846,15.52
edf,50.0,-30.357599999999987,0.38731501831501824,0.6126849816849816,2.4,4.5,594.2399999999985,9.404615384615386,16.0
slo-risk,50.0,-29.190239999999974,0.3724420024420024,0.6275579975579975,2.26,4.64,593.6639999999985,9.441538461538462,16.02
rllib-ppo,50.0,-0.7339199999999865,0.40144871794871784,0.598551282051282,2.8,4.56,571.8719999999985,9.194615384615384,15.48
